{
  "Faradaic Efficiency (%)": {
    "MAE": 31.717456076812415,
    "RMSE": 36.41352648421464,
    "R2": -0.9277438260699171
  },
  "Current Density (mAcm2)": {
    "MAE": 298.56671075857037,
    "RMSE": 348.3342686787397,
    "R2": -0.7350658599241092
  },
  "Selectivity": {
    "MAE": 29.115301603191387,
    "RMSE": 33.968447857773256,
    "R2": -0.7506636449004491
  },
  "Cost ($tCO2)": {
    "MAE": 3063.801872364879,
    "RMSE": 3652.667239310479,
    "R2": -1.25069354769049
  }
}